_id,reportedPercent,truePercent,visType
60535209c4e37914bcf869ca,50,0.5623413251903491,Type10
60535212c4e37914bcf869cb,45,0.4641588833612778,Type10
60535217c4e37914bcf869cc,60,0.6812920690579612,Type9
6053521dc4e37914bcf869cd,40,0.46415888336127786,Type8
60535225c4e37914bcf869ce,65,0.8254041852680186,Type8
6053522ac4e37914bcf869cf,25,0.3162277660168379,Type8
6053522ec4e37914bcf869d0,48,0.6812920690579612,Type9
60535233c4e37914bcf869d1,55,0.5623413251903491,Type9
60535238c4e37914bcf869d2,70,0.8254041852680184,Type10
6053523fc4e37914bcf869d3,88,0.8254041852680183,Type9
60535244c4e37914bcf869d4,80,0.8254041852680184,Type9
6053524ac4e37914bcf869d5,40,0.46415888336127786,Type9
60535250c4e37914bcf869d6,34,0.38311868495572876,Type10
60535255c4e37914bcf869d7,26,0.26101572156825364,Type9
6053525ac4e37914bcf869d8,49,0.5623413251903492,Type8
6053525fc4e37914bcf869d9,60,0.6812920690579612,Type10
60535263c4e37914bcf869da,20,0.2154434690031884,Type9
60535268c4e37914bcf869db,55,0.562341325190349,Type8
60535271c4e37914bcf869dc,20,0.2610157215682537,Type10
60535277c4e37914bcf869dd,40,0.3831186849557287,Type8
6053527bc4e37914bcf869de,33,0.3162277660168379,Type8
60535282c4e37914bcf869df,85,0.8254041852680186,Type10
60535287c4e37914bcf869e0,48,0.464158883361278,Type9
60535293c4e37914bcf869e1,80,0.8254041852680184,Type8
60535298c4e37914bcf869e2,35,0.3162277660168379,Type9
6053529cc4e37914bcf869e3,20,0.2154434690031884,Type10
605352a1c4e37914bcf869e4,80,0.8254041852680183,Type10
605352a8c4e37914bcf869e5,40,0.38311868495572876,Type9
605352adc4e37914bcf869e6,67,0.5623413251903491,Type8
605352b3c4e37914bcf869e7,44,0.46415888336127786,Type8
605352b8c4e37914bcf869e8,50,0.46415888336127786,Type8
605352bcc4e37914bcf869e9,40,0.3831186849557287,Type8
605352c4c4e37914bcf869ea,23,0.21544346900318834,Type9
605352c9c4e37914bcf869eb,48,0.3831186849557288,Type10
605352cdc4e37914bcf869ec,84,0.6812920690579612,Type10
605352d1c4e37914bcf869ed,90,0.8254041852680185,Type10
605352d8c4e37914bcf869ee,20,0.21544346900318834,Type10
605352ddc4e37914bcf869ef,20,0.17782794100389226,Type8
605352e2c4e37914bcf869f0,60,0.5623413251903491,Type10
605352e6c4e37914bcf869f1,90,0.8254041852680183,Type10
605352ebc4e37914bcf869f2,65,0.5623413251903491,Type9
605352f3c4e37914bcf869f3,65,0.464158883361278,Type8
605352f8c4e37914bcf869f4,84,0.5623413251903491,Type8
605352fec4e37914bcf869f5,65,0.5623413251903492,Type9
60535302c4e37914bcf869f6,55,0.46415888336127786,Type9
60535305c4e37914bcf869f7,50,0.46415888336127786,Type10
60535309c4e37914bcf869f8,33,0.38311868495572876,Type10
6053530dc4e37914bcf869f9,20,0.17782794100389226,Type9
60535311c4e37914bcf869fa,50,0.464158883361278,Type8
60535318c4e37914bcf869fb,60,0.5623413251903491,Type8
6053531dc4e37914bcf869fc,58,0.5623413251903491,Type9
60535321c4e37914bcf869fd,80,0.6812920690579612,Type8
60535325c4e37914bcf869fe,25,0.26101572156825364,Type10
6053532ac4e37914bcf869ff,36,0.3162277660168379,Type10
60535331c4e37914bcf86a00,75,0.6812920690579612,Type9
6053533ec4e37914bcf86a01,60,0.5623413251903491,Type8
60535344c4e37914bcf86a02,50,0.5623413251903491,Type9
6053534ac4e37914bcf86a03,64,0.5623413251903491,Type10
6053534ec4e37914bcf86a04,36,0.3162277660168379,Type8
60535353c4e37914bcf86a05,60,0.5623413251903491,Type9
6053594ac4e37914bcf86a51,50,0.5623413251903491,Type9
60535950c4e37914bcf86a52,40,0.562341325190349,Type10
60535955c4e37914bcf86a53,60,0.6812920690579612,Type10
6053595ac4e37914bcf86a54,40,0.46415888336127786,Type8
60535964c4e37914bcf86a55,35,0.46415888336127786,Type9
60535968c4e37914bcf86a56,50,0.5623413251903491,Type10
6053596fc4e37914bcf86a57,50,0.5623413251903492,Type9
60535976c4e37914bcf86a58,38,0.5623413251903491,Type9
6053597cc4e37914bcf86a59,25,0.3831186849557288,Type10
60535981c4e37914bcf86a5a,80,0.6812920690579612,Type8
60535985c4e37914bcf86a5b,17,0.3162277660168379,Type10
60535989c4e37914bcf86a5c,12,0.17782794100389226,Type9
605359b5c4e37914bcf86a5d,40,0.5623413251903491,Type8
605359b9c4e37914bcf86a5e,30,0.3831186849557288,Type9
605359c6c4e37914bcf86a5f,29,0.3162277660168379,Type9
605359d2c4e37914bcf86a60,70,0.6812920690579614,Type10
605359e7c4e37914bcf86a61,70,0.6812920690579614,Type8
605359ecc4e37914bcf86a62,85,0.8254041852680184,Type10
605359f6c4e37914bcf86a63,30,0.38311868495572876,Type8
605359fdc4e37914bcf86a64,83,0.8254041852680184,Type9
60535a01c4e37914bcf86a65,30,0.316227766016838,Type8
60535a48c4e37914bcf86a66,45,0.46415888336127786,Type8
60535a51c4e37914bcf86a67,70,0.6812920690579612,Type9
60535bb7c4e37914bcf86a68,80,0.8254041852680185,Type8
60535bbcc4e37914bcf86a69,45,0.46415888336127786,Type10
60535bc7c4e37914bcf86a6a,60,0.562341325190349,Type9
60535bcec4e37914bcf86a6b,85,0.8254041852680183,Type8
605365d6c4e37914bcf86aac,50,0.38311868495572876,Type9
60536606c4e37914bcf86aad,60,0.2610157215682537,Type10
6053662ec4e37914bcf86ab0,60,0.5623413251903491,Type9
6053663bc4e37914bcf86ab3,50,0.5623413251903492,Type10
60536645c4e37914bcf86ab5,50,0.6812920690579612,Type8
6053666cc4e37914bcf86ab7,60,0.38311868495572876,Type8
60536671c4e37914bcf86ab8,60,0.21544346900318834,Type10
60536678c4e37914bcf86ab9,60,0.21544346900318834,Type8
6053667fc4e37914bcf86aba,50,0.21544346900318834,Type9
60536686c4e37914bcf86abb,50,0.6812920690579612,Type9
6053668bc4e37914bcf86abc,50,0.46415888336127786,Type9
60536690c4e37914bcf86abd,50,0.8254041852680185,Type9
60536694c4e37914bcf86abe,50,0.6812920690579612,Type8
6053669cc4e37914bcf86abf,60,0.17782794100389226,Type8
605366a0c4e37914bcf86ac0,50,0.5623413251903492,Type8
605366a5c4e37914bcf86ac1,50,0.38311868495572876,Type9
605366aec4e37914bcf86ac2,50,0.5623413251903491,Type10
605366b3c4e37914bcf86ac3,50,0.8254041852680183,Type10
605366b7c4e37914bcf86ac4,50,0.8254041852680183,Type9
605366c3c4e37914bcf86ac5,50,0.8254041852680184,Type8
605366cec4e37914bcf86ac6,50,0.6812920690579612,Type10
605366d4c4e37914bcf86ac7,60,0.46415888336127786,Type9
605366dac4e37914bcf86ac8,50,0.17782794100389226,Type10
605366dfc4e37914bcf86ac9,50,0.46415888336127786,Type9
605366e6c4e37914bcf86aca,50,0.6812920690579614,Type10
605366ebc4e37914bcf86acb,50,0.6812920690579612,Type10
605366f0c4e37914bcf86acc,50,0.5623413251903492,Type8
605366f5c4e37914bcf86acd,50,0.38311868495572876,Type10
605366fac4e37914bcf86ace,50,0.5623413251903491,Type10
605366fec4e37914bcf86acf,50,0.46415888336127786,Type9
60536703c4e37914bcf86ad0,50,0.6812920690579612,Type9
60536708c4e37914bcf86ad1,50,0.46415888336127786,Type10
6053671bc4e37914bcf86ad2,60,0.3162277660168379,Type9
60536720c4e37914bcf86ad3,50,0.6812920690579612,Type8
60536726c4e37914bcf86ad4,40,0.26101572156825364,Type8
6053672bc4e37914bcf86ad5,50,0.8254041852680185,Type8
60536732c4e37914bcf86ad6,50,0.8254041852680185,Type10
6053673ac4e37914bcf86ad7,100,0.8254041852680185,Type9
60536740c4e37914bcf86ad8,100,0.8254041852680185,Type8
60536745c4e37914bcf86ad9,50,0.38311868495572876,Type10
60536753c4e37914bcf86ada,60,0.21544346900318834,Type8
6053675dc4e37914bcf86adb,50,0.3162277660168379,Type9
60536762c4e37914bcf86adc,60,0.3162277660168379,Type10
60536767c4e37914bcf86add,50,0.38311868495572876,Type8
6053676cc4e37914bcf86ade,50,0.38311868495572876,Type9
60536771c4e37914bcf86adf,50,0.2610157215682537,Type8
6053677ec4e37914bcf86ae0,50,0.6812920690579612,Type8
60536782c4e37914bcf86ae1,50,0.3162277660168379,Type9
60536787c4e37914bcf86ae2,50,0.46415888336127786,Type9
60536791c4e37914bcf86ae3,50,0.5623413251903491,Type9
60536796c4e37914bcf86ae4,80,0.8254041852680184,Type9
6053679bc4e37914bcf86ae5,50,0.26101572156825364,Type8
605367b1c4e37914bcf86ae6,50,0.2610157215682537,Type10
605367b5c4e37914bcf86ae7,50,0.8254041852680185,Type10
605367c1c4e37914bcf86ae8,50,0.5623413251903491,Type8
605367c6c4e37914bcf86ae9,80,0.8254041852680185,Type8
605367cbc4e37914bcf86aea,50,0.6812920690579612,Type8
605367cec4e37914bcf86aeb,50,0.5623413251903491,Type10
605367d0c4e37914bcf86aec,50,0.38311868495572876,Type10
605367d2c4e37914bcf86aed,56,0.5623413251903492,Type8
605367d4c4e37914bcf86aee,50,0.8254041852680184,Type10
605367dcc4e37914bcf86aef,100,0.8254041852680184,Type10
605367dcc4e37914bcf86af0,70,0.6812920690579612,Type9
605367e6c4e37914bcf86af1,60,0.5623413251903491,Type10
605367edc4e37914bcf86af2,50,0.5623413251903491,Type8
605367f2c4e37914bcf86af3,50,0.5623413251903491,Type10
60536854c4e37914bcf86af4,70,0.6812920690579612,Type8
6053685ec4e37914bcf86af5,60,0.562341325190349,Type8
60536866c4e37914bcf86af6,30,0.3831186849557288,Type9
60536875c4e37914bcf86af7,60,0.562341325190349,Type10
60536878c4e37914bcf86af8,70,0.6812920690579614,Type10
60536880c4e37914bcf86af9,80,0.8254041852680183,Type9
60536899c4e37914bcf86afa,45,0.46415888336127786,Type9
6053689dc4e37914bcf86afb,80,0.8254041852680184,Type10
605368a3c4e37914bcf86afc,20,0.21544346900318834,Type9
605368a7c4e37914bcf86afd,70,0.6812920690579612,Type8
605368abc4e37914bcf86afe,80,0.8254041852680183,Type8
605368b0c4e37914bcf86aff,60,0.5623413251903491,Type8
605368b3c4e37914bcf86b00,30,0.2610157215682537,Type10
605368c2c4e37914bcf86b01,30,0.3162277660168379,Type8
605368c6c4e37914bcf86b02,80,0.8254041852680184,Type9
605368cdc4e37914bcf86b03,55,0.5623413251903491,Type10
605368d2c4e37914bcf86b04,55,0.5623413251903491,Type8
605368d6c4e37914bcf86b05,55,0.5623413251903491,Type10
605368dec4e37914bcf86b06,80,0.8254041852680184,Type9
605368e6c4e37914bcf86b07,80,0.8254041852680184,Type8
60536909c4e37914bcf86b08,80,0.8254041852680185,Type8
6053690ec4e37914bcf86b09,70,0.6812920690579612,Type10
60536912c4e37914bcf86b0a,40,0.38311868495572876,Type9
60536916c4e37914bcf86b0b,70,0.6812920690579614,Type10
6053691bc4e37914bcf86b0c,40,0.38311868495572876,Type9
6053691fc4e37914bcf86b0d,55,0.5623413251903492,Type9
60536923c4e37914bcf86b0e,40,0.38311868495572876,Type10
6053b4e4c4e37914bcf86d22,50,0.6812920690579612,Type9
6053b4efc4e37914bcf86d24,40,0.5623413251903491,Type9
6053b4f7c4e37914bcf86d26,30,0.3162277660168379,Type8
6053b4fec4e37914bcf86d29,20,0.316227766016838,Type10
6053b505c4e37914bcf86d2b,25,0.3162277660168379,Type8
6053b50dc4e37914bcf86d2d,20,0.26101572156825364,Type8
6053b512c4e37914bcf86d2e,40,0.6812920690579612,Type10
6053b51dc4e37914bcf86d31,25,0.316227766016838,Type8
6053b525c4e37914bcf86d32,56,0.8254041852680184,Type9
6053b52cc4e37914bcf86d34,32,0.5623413251903491,Type9
6053b53cc4e37914bcf86d38,23,0.3162277660168379,Type8
6053b545c4e37914bcf86d3a,40,0.5623413251903491,Type8
6053b54ec4e37914bcf86d3c,32,0.38311868495572876,Type9
6053b556c4e37914bcf86d3e,50,0.6812920690579612,Type8
6053b560c4e37914bcf86d3f,18,0.17782794100389226,Type9
6053b569c4e37914bcf86d40,90,0.8254041852680183,Type9
6053b576c4e37914bcf86d41,40,0.562341325190349,Type8
6053b583c4e37914bcf86d42,55,0.6812920690579612,Type10
6053b58ec4e37914bcf86d43,55,0.6812920690579612,Type8
6053b59ac4e37914bcf86d44,24,0.316227766016838,Type9
6053b5a5c4e37914bcf86d45,30,0.46415888336127786,Type9
6053b5abc4e37914bcf86d46,60,0.8254041852680184,Type10
6053b5b4c4e37914bcf86d47,70,0.8254041852680183,Type10
6053b5bac4e37914bcf86d48,25,0.3162277660168379,Type10
6053b5c0c4e37914bcf86d49,60,0.8254041852680183,Type8
6053b5d0c4e37914bcf86d4a,33,0.38311868495572876,Type10
6053b5dac4e37914bcf86d4b,40,0.38311868495572876,Type10
6053b5e3c4e37914bcf86d4c,70,0.8254041852680183,Type8
6053b5edc4e37914bcf86d4d,55,0.6812920690579612,Type10
6053b5f7c4e37914bcf86d4e,21,0.26101572156825364,Type10
6053b604c4e37914bcf86d4f,30,0.4641588833612779,Type9
6053b60ac4e37914bcf86d50,40,0.46415888336127786,Type10
6053b613c4e37914bcf86d51,85,0.8254041852680185,Type8
6053b622c4e37914bcf86d52,37,0.3831186849557287,Type9
6053b634c4e37914bcf86d53,24,0.2154434690031884,Type9
6053b63cc4e37914bcf86d54,40,0.464158883361278,Type10
6053b644c4e37914bcf86d55,20,0.21544346900318834,Type9
6053b650c4e37914bcf86d56,90,0.8254041852680185,Type10
6053b658c4e37914bcf86d57,60,0.6812920690579612,Type10
6053b661c4e37914bcf86d58,50,0.5623413251903491,Type10
6053b66bc4e37914bcf86d59,30,0.3162277660168379,Type10
6053b674c4e37914bcf86d5a,55,0.6812920690579612,Type8
6053b679c4e37914bcf86d5b,25,0.26101572156825364,Type9
6053b680c4e37914bcf86d5c,25,0.26101572156825364,Type9
6053b68bc4e37914bcf86d5d,60,0.5623413251903492,Type10
6053b692c4e37914bcf86d5e,36,0.38311868495572876,Type9
6053b69dc4e37914bcf86d5f,80,0.6812920690579612,Type8
6053b6a2c4e37914bcf86d60,50,0.5623413251903491,Type10
6053b6a9c4e37914bcf86d61,30,0.3162277660168379,Type8
6053b6b0c4e37914bcf86d62,40,0.38311868495572876,Type8
6053b6b7c4e37914bcf86d63,50,0.6812920690579612,Type9
6053b6bcc4e37914bcf86d64,50,0.5623413251903491,Type9
6053b6c2c4e37914bcf86d65,50,0.5623413251903491,Type8
6053b6ccc4e37914bcf86d66,40,0.38311868495572876,Type8
6053b6d3c4e37914bcf86d67,50,0.5623413251903491,Type10
6053b6dac4e37914bcf86d68,80,0.8254041852680186,Type9
6053b6e1c4e37914bcf86d69,70,0.6812920690579612,Type10
6053b6ebc4e37914bcf86d6a,54,0.5623413251903492,Type8
6053b6f1c4e37914bcf86d6b,28,0.2610157215682537,Type8
6053b6fbc4e37914bcf86d6c,35,0.464158883361278,Type9
6053bc6fc4e37914bcf86d75,50,0.6812920690579612,Type10
6053bc74c4e37914bcf86d76,50,0.5623413251903492,Type9
6053bc7bc4e37914bcf86d77,20,0.2154434690031884,Type10
6053bc81c4e37914bcf86d78,50,0.5623413251903491,Type8
6053bc88c4e37914bcf86d79,40,0.4641588833612778,Type8
6053bc8bc4e37914bcf86d7a,40,0.4641588833612778,Type10
6053bc92c4e37914bcf86d7b,30,0.3162277660168379,Type8
6053bc98c4e37914bcf86d7e,25,0.2154434690031884,Type10
6053bc9bc4e37914bcf86d7f,50,0.562341325190349,Type10
6053bc9fc4e37914bcf86d81,70,0.8254041852680186,Type9
6053bca5c4e37914bcf86d82,50,0.5623413251903491,Type8
6053bca9c4e37914bcf86d84,50,0.464158883361278,Type10
6053bcabc4e37914bcf86d85,50,0.562341325190349,Type9
6053bcb1c4e37914bcf86d87,50,0.31622776601683794,Type8
6053bcb3c4e37914bcf86d88,50,0.562341325190349,Type9
6053bcb5c4e37914bcf86d8a,50,0.6812920690579612,Type10
6053bcbbc4e37914bcf86d8c,50,0.5623413251903491,Type8
6053bcbec4e37914bcf86d8d,60,0.6812920690579612,Type9
6053bcc2c4e37914bcf86d8f,20,0.21544346900318834,Type10
6053bcc7c4e37914bcf86d90,90,0.8254041852680184,Type8
6053bccbc4e37914bcf86d91,45,0.464158883361278,Type8
6053bccfc4e37914bcf86d92,50,0.4641588833612779,Type10
6053bce5c4e37914bcf86d96,60,0.5623413251903491,Type10
6053bceac4e37914bcf86d97,60,0.5623413251903491,Type9
6053bcedc4e37914bcf86d99,30,0.3831186849557288,Type10
6053bcf0c4e37914bcf86d9a,20,0.3162277660168379,Type8
6053bcf6c4e37914bcf86d9c,30,0.38311868495572876,Type9
6053bd01c4e37914bcf86d9e,70,0.6812920690579612,Type8
6053bd08c4e37914bcf86da0,60,0.6812920690579612,Type8
6053bd0cc4e37914bcf86da2,40,0.46415888336127786,Type9
6053bd14c4e37914bcf86da4,80,0.8254041852680184,Type9
6053bd18c4e37914bcf86da5,50,0.5623413251903491,Type10
6053bd1fc4e37914bcf86da6,20,0.21544346900318834,Type10
6053bd22c4e37914bcf86da8,30,0.3831186849557288,Type10
6053bd30c4e37914bcf86da9,90,0.8254041852680185,Type9
6053bd39c4e37914bcf86dab,25,0.3162277660168379,Type9
6053bd3cc4e37914bcf86dac,80,0.8254041852680184,Type8
6053bd42c4e37914bcf86dae,40,0.46415888336127786,Type9
6053bd45c4e37914bcf86db0,80,0.6812920690579612,Type8
6053bd48c4e37914bcf86db1,50,0.5623413251903491,Type10
6053bd4bc4e37914bcf86db3,50,0.5623413251903492,Type9
6053bd50c4e37914bcf86db4,30,0.3831186849557288,Type9
6053bd56c4e37914bcf86db5,40,0.4641588833612778,Type8
6053bd5dc4e37914bcf86db7,40,0.46415888336127786,Type8
6053bd60c4e37914bcf86db8,60,0.8254041852680186,Type8
6053bd63c4e37914bcf86db9,50,0.5623413251903492,Type9
6053bd68c4e37914bcf86dba,60,0.6812920690579612,Type9
6053bd6cc4e37914bcf86dbb,70,0.8254041852680183,Type9
6053bd71c4e37914bcf86dbc,40,0.3831186849557287,Type8
6053bd76c4e37914bcf86dbd,60,0.6812920690579612,Type10
6053bd84c4e37914bcf86dc0,25,0.316227766016838,Type10
6053bd89c4e37914bcf86dc1,80,0.8254041852680182,Type9
6053bd8cc4e37914bcf86dc2,50,0.5623413251903492,Type9
6053bd94c4e37914bcf86dc3,25,0.2610157215682537,Type10
6053bd99c4e37914bcf86dc4,60,0.6812920690579612,Type10
6053bda7c4e37914bcf86dc6,20,0.2610157215682537,Type8
6053bdaec4e37914bcf86dc7,80,0.8254041852680185,Type9
6053bdb3c4e37914bcf86dc8,50,0.562341325190349,Type8
6053bee9c4e37914bcf86def,55,0.5623413251903491,Type8
6053beeec4e37914bcf86df0,60,0.6812920690579612,Type9
6053bef7c4e37914bcf86df1,80,0.6812920690579612,Type9
6053beffc4e37914bcf86df2,40,0.3831186849557288,Type10
6053bf07c4e37914bcf86df3,30,0.26101572156825364,Type8
6053bf15c4e37914bcf86df4,20,0.21544346900318834,Type10
6053bf1ac4e37914bcf86df5,40,0.464158883361278,Type10
6053bf1fc4e37914bcf86df6,60,0.5623413251903491,Type9
6053bf26c4e37914bcf86df7,40,0.3831186849557287,Type8
6053bf2bc4e37914bcf86df8,80,0.8254041852680184,Type10
6053bf36c4e37914bcf86df9,40,0.38311868495572876,Type9
6053bf3dc4e37914bcf86dfa,80,0.8254041852680184,Type9
6053bf42c4e37914bcf86dfb,60,0.5623413251903492,Type9
6053bf48c4e37914bcf86dfc,90,0.8254041852680184,Type9
6053bf5bc4e37914bcf86dfd,30,0.3162277660168379,Type10
6053bf66c4e37914bcf86dfe,70,0.562341325190349,Type8
6053bf85c4e37914bcf86dff,25,0.2610157215682537,Type8
6053bf8bc4e37914bcf86e00,50,0.464158883361278,Type9
6053bf93c4e37914bcf86e01,80,0.6812920690579612,Type8
6053bf99c4e37914bcf86e02,25,0.2154434690031884,Type10
6053bf9fc4e37914bcf86e03,35,0.3162277660168379,Type8
6053bfa5c4e37914bcf86e04,80,0.8254041852680186,Type10
6053bfabc4e37914bcf86e05,40,0.38311868495572876,Type8
6053bfb1c4e37914bcf86e06,80,0.8254041852680186,Type9
6053bfb5c4e37914bcf86e07,90,0.8254041852680185,Type10
6053bfbcc4e37914bcf86e08,70,0.46415888336127786,Type8
6053bfc3c4e37914bcf86e09,30,0.3831186849557287,Type9
6053bfc9c4e37914bcf86e0a,55,0.5623413251903492,Type8
6053bfd2c4e37914bcf86e0b,50,0.46415888336127786,Type10
6053bfd7c4e37914bcf86e0c,90,0.8254041852680185,Type10
6053bfdbc4e37914bcf86e0d,25,0.2610157215682537,Type8
6053bfe7c4e37914bcf86e0e,30,0.38311868495572876,Type9
6053bff0c4e37914bcf86e0f,20,0.2154434690031884,Type8
6053bff6c4e37914bcf86e10,30,0.3162277660168379,Type10
6053bffec4e37914bcf86e11,80,0.6812920690579612,Type8
6053c005c4e37914bcf86e12,80,0.5623413251903491,Type9
6053c00bc4e37914bcf86e13,40,0.38311868495572876,Type9
6053c014c4e37914bcf86e14,50,0.4641588833612778,Type10
6053c020c4e37914bcf86e15,40,0.3162277660168379,Type8
6053c029c4e37914bcf86e16,60,0.6812920690579612,Type10
6053c040c4e37914bcf86e17,80,0.6812920690579612,Type10
6053c046c4e37914bcf86e18,80,0.6812920690579612,Type10
6053c05dc4e37914bcf86e19,30,0.26101572156825364,Type8
6053c065c4e37914bcf86e1a,30,0.3162277660168379,Type9
6053c075c4e37914bcf86e1b,40,0.46415888336127786,Type8
6053c07ac4e37914bcf86e1c,70,0.6812920690579612,Type9
6053c082c4e37914bcf86e1d,40,0.3831186849557288,Type10
6053c086c4e37914bcf86e1e,90,0.8254041852680185,Type10
6053c092c4e37914bcf86e1f,90,0.8254041852680184,Type8
6053c098c4e37914bcf86e20,40,0.3162277660168379,Type10
6053c09fc4e37914bcf86e21,70,0.5623413251903492,Type9
6053c0a8c4e37914bcf86e22,75,0.6812920690579612,Type10
6053c0dcc4e37914bcf86e23,25,0.2154434690031884,Type8
6053c0e6c4e37914bcf86e24,70,0.5623413251903491,Type10
6053c0ecc4e37914bcf86e25,50,0.46415888336127786,Type9
6053c0f3c4e37914bcf86e26,35,0.3162277660168379,Type9
6053c101c4e37914bcf86e27,80,0.8254041852680184,Type9
6053c106c4e37914bcf86e28,80,0.6812920690579612,Type8
6053c10cc4e37914bcf86e29,70,0.5623413251903491,Type8
6053c110c4e37914bcf86e2a,50,0.5623413251903491,Type9
6053c7e3c4e37914bcf86e2b,25,0.6812920690579612,Type8
6053c80bc4e37914bcf86e2c,10,0.2154434690031884,Type10
6053c82cc4e37914bcf86e2d,23,0.26101572156825364,Type9
6053c83ec4e37914bcf86e2e,27,0.26101572156825364,Type9
6053c843c4e37914bcf86e2f,50,0.6812920690579612,Type8
6053c851c4e37914bcf86e30,40,0.464158883361278,Type9
6053c861c4e37914bcf86e31,35,0.4641588833612778,Type8
6053c86cc4e37914bcf86e32,30,0.3831186849557287,Type8
6053c875c4e37914bcf86e34,30,0.2610157215682537,Type8
6053c882c4e37914bcf86e35,40,0.4641588833612778,Type10
6053c887c4e37914bcf86e36,80,0.8254041852680183,Type9
6053c88ec4e37914bcf86e37,60,0.8254041852680184,Type8
6053c897c4e37914bcf86e39,40,0.46415888336127786,Type9
6053c8a4c4e37914bcf86e3a,30,0.3162277660168379,Type9
6053c8adc4e37914bcf86e3c,60,0.6812920690579612,Type10
6053c8b6c4e37914bcf86e3d,35,0.3831186849557287,Type9
6053c8c2c4e37914bcf86e3e,35,0.3831186849557287,Type8
6053c95fc4e37914bcf86e40,35,0.46415888336127786,Type8
6053c96ac4e37914bcf86e41,30,0.3162277660168379,Type8
6053c96ec4e37914bcf86e42,50,0.6812920690579612,Type10
6053c976c4e37914bcf86e43,40,0.46415888336127786,Type9
6053c981c4e37914bcf86e44,20,0.21544346900318834,Type8
6053c98bc4e37914bcf86e45,33,0.3162277660168379,Type9
6053c996c4e37914bcf86e46,33,0.38311868495572876,Type8
6053c99ac4e37914bcf86e48,50,0.562341325190349,Type10
6053c9a2c4e37914bcf86e4a,40,0.5623413251903491,Type8
6053c9a7c4e37914bcf86e4b,70,0.8254041852680185,Type10
6053c9adc4e37914bcf86e4c,40,0.3162277660168379,Type10
6053c9b9c4e37914bcf86e4d,25,0.21544346900318834,Type10
6053c9bec4e37914bcf86e4e,60,0.6812920690579612,Type10
6053c9c8c4e37914bcf86e50,30,0.26101572156825364,Type8
6053c9cdc4e37914bcf86e51,30,0.38311868495572876,Type9
6053c9d5c4e37914bcf86e52,40,0.46415888336127786,Type10
6053c9dcc4e37914bcf86e55,35,0.3162277660168379,Type10
6053c9e1c4e37914bcf86e56,80,0.8254041852680186,Type8
6053c9e9c4e37914bcf86e58,20,0.2154434690031884,Type10
6053c9eec4e37914bcf86e59,60,0.6812920690579612,Type9
6053c9fac4e37914bcf86e5a,40,0.464158883361278,Type9
6053c9fec4e37914bcf86e5b,80,0.8254041852680185,Type8
6053ca03c4e37914bcf86e5c,40,0.3831186849557287,Type10
6053ca08c4e37914bcf86e5d,70,0.6812920690579612,Type10
6053ca0cc4e37914bcf86e5e,65,0.6812920690579612,Type9
6053ca15c4e37914bcf86e5f,30,0.3162277660168379,Type9
6053ca1bc4e37914bcf86e60,50,0.5623413251903491,Type9
6053ca1ec4e37914bcf86e61,50,0.5623413251903491,Type9
6053ca23c4e37914bcf86e63,70,0.8254041852680183,Type9
6053ca2fc4e37914bcf86e65,40,0.464158883361278,Type9
6053ca37c4e37914bcf86e66,30,0.38311868495572876,Type10
6053ca3cc4e37914bcf86e67,75,0.8254041852680184,Type10
6053ca41c4e37914bcf86e68,60,0.6812920690579612,Type8
6053ca47c4e37914bcf86e69,70,0.8254041852680185,Type10
6053ca4dc4e37914bcf86e6a,80,0.8254041852680184,Type8
6053ca54c4e37914bcf86e6b,65,0.6812920690579614,Type8
6053ca60c4e37914bcf86e6c,27,0.3162277660168379,Type10
6053ca64c4e37914bcf86e6d,20,0.2154434690031884,Type8
6053ca67c4e37914bcf86e6e,40,0.6812920690579614,Type10
6053ca6bc4e37914bcf86e6f,40,0.5623413251903491,Type10
6053ca6fc4e37914bcf86e70,60,0.6812920690579612,Type9
6053ca76c4e37914bcf86e72,65,0.8254041852680184,Type9
6053ca88c4e37914bcf86e74,30,0.3831186849557288,Type8
6054af84c4e37914bcf871f6,25,0.8254041852680185,Type9
6054aff2c4e37914bcf871f7,30,0.2610157215682537,Type8
6054affcc4e37914bcf871f8,30,0.21544346900318834,Type10
6054b00fc4e37914bcf871f9,50,0.6812920690579612,Type9
6054b02ec4e37914bcf871fa,40,0.46415888336127786,Type8
6054b053c4e37914bcf871fb,80,0.8254041852680185,Type9
6054b08ac4e37914bcf871fc,35,0.46415888336127786,Type9
6054b097c4e37914bcf871fd,85,0.8254041852680185,Type10
6054b0a3c4e37914bcf871fe,20,0.38311868495572876,Type8
6054b0a8c4e37914bcf871ff,20,0.562341325190349,Type8
6054b0b4c4e37914bcf87200,15,0.21544346900318834,Type10
6054b0bfc4e37914bcf87201,70,0.6812920690579612,Type8
6054b0cac4e37914bcf87202,30,0.3162277660168379,Type10
6054b0e7c4e37914bcf87203,30,0.26101572156825364,Type10
6054b0f5c4e37914bcf87204,10,0.17782794100389226,Type10
6054b104c4e37914bcf87205,10,0.2154434690031884,Type8
6054b10ac4e37914bcf87206,60,0.8254041852680184,Type10
6054b137c4e37914bcf87207,40,0.5623413251903491,Type10
6054b144c4e37914bcf87208,10,0.2154434690031884,Type9
6054b14bc4e37914bcf87209,30,0.6812920690579612,Type9
6054b151c4e37914bcf8720a,20,0.38311868495572876,Type8
6054b167c4e37914bcf8720b,30,0.464158883361278,Type8
6054b183c4e37914bcf8720c,30,0.46415888336127786,Type10
6054b18ac4e37914bcf8720d,20,0.46415888336127786,Type9
6054b18fc4e37914bcf8720e,50,0.8254041852680183,Type9
6054b1b3c4e37914bcf8720f,90,0.8254041852680184,Type9
6054b1bcc4e37914bcf87210,25,0.3162277660168379,Type8
6054b1c2c4e37914bcf87211,70,0.6812920690579612,Type10
6054b1c8c4e37914bcf87212,20,0.3162277660168379,Type10
6054b1d0c4e37914bcf87213,85,0.6812920690579612,Type10
6054b1d6c4e37914bcf87214,20,0.2154434690031884,Type10
6054b1dec4e37914bcf87215,90,0.8254041852680183,Type8
6054b1e7c4e37914bcf87216,90,0.6812920690579612,Type9
6054b1efc4e37914bcf87217,50,0.4641588833612779,Type9
6054b1f6c4e37914bcf87218,20,0.2610157215682537,Type9
6054b204c4e37914bcf87219,50,0.6812920690579612,Type9
6054b212c4e37914bcf8721a,90,0.8254041852680186,Type10
6054b218c4e37914bcf8721b,30,0.3162277660168379,Type8
6054b220c4e37914bcf8721c,50,0.5623413251903491,Type9
6054b229c4e37914bcf8721d,20,0.26101572156825364,Type10
6054b235c4e37914bcf8721e,40,0.46415888336127786,Type10
6054b23cc4e37914bcf8721f,10,0.2154434690031884,Type8
6054b240c4e37914bcf87220,30,0.46415888336127786,Type8
6054b246c4e37914bcf87221,95,0.8254041852680185,Type9
6054b24dc4e37914bcf87222,10,0.2154434690031884,Type9
6054b24fc4e37914bcf87223,30,0.3162277660168379,Type10
6054b253c4e37914bcf87224,50,0.5623413251903492,Type10
6054b256c4e37914bcf87225,25,0.46415888336127786,Type8
6054b259c4e37914bcf87226,95,0.8254041852680185,Type8
6054b25cc4e37914bcf87227,50,0.6812920690579612,Type9
6054b25dc4e37914bcf87228,50,0.46415888336127786,Type8
6054b266c4e37914bcf87229,50,0.464158883361278,Type9
6054b268c4e37914bcf8722a,25,0.38311868495572876,Type8
6054b26ec4e37914bcf8722b,30,0.38311868495572876,Type9
6054b26ec4e37914bcf8722c,85,0.8254041852680186,Type8
6054b273c4e37914bcf8722d,50,0.5623413251903491,Type10
6054b276c4e37914bcf8722e,70,0.8254041852680186,Type10
6054b282c4e37914bcf8722f,30,0.46415888336127786,Type9
6054b28ac4e37914bcf87230,60,0.8254041852680184,Type8
6054b28fc4e37914bcf87231,50,0.6812920690579612,Type10
6054b293c4e37914bcf87232,95,0.8254041852680183,Type9
6054b299c4e37914bcf87233,25,0.316227766016838,Type10
6054b29bc4e37914bcf87234,40,0.38311868495572876,Type8
6054b2a1c4e37914bcf87235,30,0.3831186849557288,Type9
6054b2a7c4e37914bcf87236,75,0.8254041852680185,Type10
6054b2aac4e37914bcf87237,80,0.6812920690579612,Type9
6054b2acc4e37914bcf87238,50,0.6812920690579612,Type8
6054b2b2c4e37914bcf87239,60,0.6812920690579612,Type9
6054b2b6c4e37914bcf8723a,80,0.8254041852680184,Type8
6054b2bbc4e37914bcf8723b,40,0.46415888336127786,Type10
6054b2bcc4e37914bcf8723c,60,0.6812920690579612,Type10
6054b2c3c4e37914bcf8723d,70,0.6812920690579612,Type9
6054b2c6c4e37914bcf8723e,40,0.464158883361278,Type8
6054b2cac4e37914bcf8723f,40,0.6812920690579612,Type8
6054b2cdc4e37914bcf87240,25,0.2610157215682537,Type9
6054b2d7c4e37914bcf87241,20,0.38311868495572876,Type8
6054b2d7c4e37914bcf87242,80,0.8254041852680185,Type10
6054b2dec4e37914bcf87243,50,0.5623413251903491,Type8
6054b2e0c4e37914bcf87244,25,0.5623413251903491,Type10
6054b2e4c4e37914bcf87245,10,0.17782794100389226,Type9
6054b2e8c4e37914bcf87246,35,0.46415888336127786,Type9
6054b2eec4e37914bcf87247,50,0.46415888336127786,Type10
6054b2f5c4e37914bcf87248,80,0.6812920690579612,Type8
6054b2fcc4e37914bcf87249,90,0.6812920690579612,Type9
6054b301c4e37914bcf8724a,70,0.8254041852680185,Type8
6054b306c4e37914bcf8724b,50,0.6812920690579612,Type8
6054b30ec4e37914bcf8724c,100,0.8254041852680184,Type9
6054b313c4e37914bcf8724d,60,0.6812920690579612,Type9
6054b318c4e37914bcf8724e,20,0.2154434690031884,Type8
6054b31ec4e37914bcf8724f,70,0.8254041852680183,Type10
6054b325c4e37914bcf87250,25,0.26101572156825364,Type10
6054b32ac4e37914bcf87251,20,0.21544346900318834,Type8
6054b32fc4e37914bcf87252,70,0.6812920690579612,Type9
6054b33ac4e37914bcf87253,40,0.46415888336127786,Type8
6054b340c4e37914bcf87254,60,0.5623413251903491,Type10
6054b352c4e37914bcf87255,30,0.316227766016838,Type8
6054b35ac4e37914bcf87256,70,0.6812920690579614,Type9
6054b362c4e37914bcf87257,20,0.21544346900318834,Type9
6054b367c4e37914bcf87258,40,0.38311868495572876,Type8
6054b36dc4e37914bcf87259,60,0.5623413251903491,Type10
6054b373c4e37914bcf8725a,50,0.562341325190349,Type10
6054b382c4e37914bcf8725b,25,0.3162277660168379,Type9
6054b388c4e37914bcf8725c,60,0.6812920690579612,Type10
6054b392c4e37914bcf8725d,25,0.3162277660168379,Type9
6054b397c4e37914bcf8725e,50,0.5623413251903492,Type10
6054b39dc4e37914bcf8725f,55,0.562341325190349,Type8
6054b3a3c4e37914bcf87260,60,0.6812920690579612,Type8
6054b3a9c4e37914bcf87261,60,0.6812920690579612,Type9
6054b3b2c4e37914bcf87262,25,0.26101572156825364,Type10
6054b3b9c4e37914bcf87263,90,0.8254041852680185,Type10
6054b3c5c4e37914bcf87264,30,0.2610157215682537,Type9
6054b3cbc4e37914bcf87265,80,0.8254041852680183,Type8
6054b3d5c4e37914bcf87266,35,0.26101572156825364,Type10
6054b3dac4e37914bcf87267,25,0.21544346900318834,Type9
6054b3e2c4e37914bcf87268,70,0.6812920690579614,Type8
6054b3eac4e37914bcf87269,80,0.8254041852680184,Type8
6054b3efc4e37914bcf8726a,50,0.46415888336127786,Type8
6054b3f9c4e37914bcf8726b,70,0.8254041852680183,Type10
6054b3ffc4e37914bcf8726c,60,0.5623413251903491,Type10
6054b40ac4e37914bcf8726d,50,0.5623413251903491,Type9
6054b7bfc4e37914bcf8726e,25,0.2610157215682537,Type9
6054b7cfc4e37914bcf8726f,30,0.3162277660168379,Type8
6054b7d4c4e37914bcf87270,25,0.316227766016838,Type9
6054b7d9c4e37914bcf87271,50,0.5623413251903491,Type8
6054b7e2c4e37914bcf87272,20,0.21544346900318834,Type8
6054b7e8c4e37914bcf87273,60,0.5623413251903491,Type8
6054b7f5c4e37914bcf87274,45,0.38311868495572876,Type9
6054b7fbc4e37914bcf87275,40,0.38311868495572876,Type8
6054b805c4e37914bcf87276,90,0.6812920690579614,Type9
6054b80bc4e37914bcf87277,30,0.3162277660168379,Type8
6054b810c4e37914bcf87278,40,0.4641588833612778,Type10
6054b814c4e37914bcf87279,20,0.316227766016838,Type10
6054b81ec4e37914bcf8727a,30,0.3162277660168379,Type9
6054b825c4e37914bcf8727b,90,0.8254041852680185,Type8
6054b82ac4e37914bcf8727c,60,0.8254041852680184,Type8
6054b82ec4e37914bcf8727d,25,0.2610157215682537,Type10
6054b835c4e37914bcf8727e,30,0.3831186849557287,Type8
6054b83ac4e37914bcf8727f,60,0.6812920690579612,Type8
6054b841c4e37914bcf87280,30,0.316227766016838,Type9
6054b849c4e37914bcf87281,30,0.3162277660168379,Type10
6054b84fc4e37914bcf87282,30,0.38311868495572876,Type10
6054b855c4e37914bcf87283,60,0.5623413251903491,Type8
6054b85cc4e37914bcf87284,40,0.38311868495572876,Type8
6054b861c4e37914bcf87285,60,0.5623413251903492,Type8
6054b865c4e37914bcf87286,80,0.8254041852680186,Type10
6054b86bc4e37914bcf87287,70,0.5623413251903492,Type10
6054b870c4e37914bcf87288,80,0.8254041852680183,Type10
6054b875c4e37914bcf87289,100,0.8254041852680184,Type10
6054b87bc4e37914bcf8728a,30,0.3162277660168379,Type9
6054b881c4e37914bcf8728b,30,0.316227766016838,Type10
6054b885c4e37914bcf8728c,40,0.46415888336127786,Type8
6054b889c4e37914bcf8728d,60,0.6812920690579612,Type9
6054b88dc4e37914bcf8728e,60,0.6812920690579612,Type10
6054b892c4e37914bcf8728f,60,0.8254041852680183,Type10
6054b898c4e37914bcf87290,60,0.5623413251903492,Type9
6054b89ec4e37914bcf87291,30,0.316227766016838,Type9
6054b8a2c4e37914bcf87292,50,0.46415888336127786,Type9
6054b8a9c4e37914bcf87293,80,0.6812920690579614,Type10
6054b8b0c4e37914bcf87294,30,0.38311868495572876,Type9
6054b8b7c4e37914bcf87295,30,0.3162277660168379,Type10
6054b8bbc4e37914bcf87296,30,0.38311868495572876,Type8
6054b8bec4e37914bcf87297,50,0.6812920690579612,Type9
6054b8c2c4e37914bcf87298,30,0.3162277660168379,Type10
6054b8c9c4e37914bcf87299,90,0.8254041852680184,Type10
6054b8d0c4e37914bcf8729a,90,0.8254041852680185,Type9
6054b8d2c4e37914bcf8729b,65,0.8254041852680185,Type9
6054b8d6c4e37914bcf8729c,25,0.316227766016838,Type8
6054b8dac4e37914bcf8729d,25,0.26101572156825364,Type9
6054b8e1c4e37914bcf8729e,40,0.38311868495572876,Type9
6054b8e7c4e37914bcf8729f,30,0.46415888336127786,Type9
6054b8e7c4e37914bcf872a0,30,0.3162277660168379,Type9
6054b8ecc4e37914bcf872a1,50,0.5623413251903491,Type10
6054b8f2c4e37914bcf872a2,30,0.3162277660168379,Type9
6054b8f7c4e37914bcf872a3,80,0.6812920690579612,Type8
6054b8fac4e37914bcf872a4,23,0.316227766016838,Type9
6054b8fdc4e37914bcf872a5,60,0.5623413251903492,Type10
6054b903c4e37914bcf872a6,40,0.4641588833612779,Type9
6054b908c4e37914bcf872a7,50,0.5623413251903491,Type8
6054b90dc4e37914bcf872a8,50,0.562341325190349,Type10
6054b915c4e37914bcf872a9,65,0.6812920690579612,Type9
6054b919c4e37914bcf872aa,60,0.6812920690579612,Type9
6054b920c4e37914bcf872ab,20,0.2154434690031884,Type8
6054b921c4e37914bcf872ac,40,0.562341325190349,Type8
6054b924c4e37914bcf872ad,50,0.464158883361278,Type8
6054b92bc4e37914bcf872ae,60,0.6812920690579612,Type9
6054b930c4e37914bcf872af,80,0.8254041852680184,Type10
6054b93fc4e37914bcf872b0,25,0.38311868495572876,Type10
6054b94ac4e37914bcf872b1,50,0.5623413251903491,Type9
6054b966c4e37914bcf872b2,55,0.6812920690579612,Type10
6054b96fc4e37914bcf872b3,33,0.4641588833612779,Type8
6054b984c4e37914bcf872b4,80,0.8254041852680185,Type10
6054b991c4e37914bcf872b5,33,0.3831186849557287,Type9
6054b998c4e37914bcf872b6,50,0.6812920690579612,Type8
6054b9a0c4e37914bcf872b7,70,0.8254041852680183,Type8
6054b9aac4e37914bcf872b8,80,0.8254041852680185,Type10
6054b9bcc4e37914bcf872b9,44,0.4641588833612778,Type10
6054b9c9c4e37914bcf872ba,37,0.46415888336127786,Type8
6054b9dfc4e37914bcf872bb,27,0.3162277660168379,Type9
6054b9e9c4e37914bcf872bc,50,0.5623413251903491,Type8
6054b9f0c4e37914bcf872bd,35,0.4641588833612779,Type8
6054b9fec4e37914bcf872be,30,0.3162277660168379,Type9
6054ba16c4e37914bcf872bf,80,0.8254041852680184,Type10
6054ba1fc4e37914bcf872c0,55,0.6812920690579612,Type10
6054ba2ec4e37914bcf872c1,27,0.38311868495572876,Type9
6054ba35c4e37914bcf872c2,75,0.8254041852680184,Type8
6054ba3fc4e37914bcf872c3,70,0.8254041852680183,Type8
6054ba4ec4e37914bcf872c4,80,0.8254041852680184,Type9
6054ba65c4e37914bcf872c5,30,0.464158883361278,Type10
6054ba6bc4e37914bcf872c6,60,0.6812920690579612,Type9
6054ba73c4e37914bcf872c7,35,0.464158883361278,Type10
6054ba7dc4e37914bcf872c8,75,0.8254041852680184,Type8
6054ba89c4e37914bcf872c9,22,0.26101572156825364,Type8
6054ba99c4e37914bcf872ca,26,0.3162277660168379,Type10
6054baa4c4e37914bcf872cb,69,0.8254041852680184,Type10
6054bab5c4e37914bcf872cc,25,0.316227766016838,Type9
6054babfc4e37914bcf872cd,28,0.38311868495572876,Type8
6054bac5c4e37914bcf872ce,50,0.5623413251903491,Type10
6054bacdc4e37914bcf872cf,50,0.5623413251903492,Type8
6054bad6c4e37914bcf872d0,18,0.21544346900318834,Type8
6054bae6c4e37914bcf872d1,35,0.38311868495572876,Type9
6054baf1c4e37914bcf872d2,60,0.6812920690579612,Type10
6054baf6c4e37914bcf872d3,65,0.6812920690579612,Type9
6054bb04c4e37914bcf872d4,35,0.46415888336127786,Type9
6054bb0ac4e37914bcf872d5,35,0.5623413251903491,Type8
6054bb16c4e37914bcf872d6,33,0.464158883361278,Type8
6054bb26c4e37914bcf872d7,70,0.8254041852680183,Type10
6054bb44c4e37914bcf872d8,14,0.17782794100389226,Type8
6054bb55c4e37914bcf872d9,35,0.5623413251903491,Type8
6054bb5fc4e37914bcf872da,50,0.5623413251903491,Type10
6054bb64c4e37914bcf872db,55,0.6812920690579612,Type10
6054bb77c4e37914bcf872dc,28,0.38311868495572876,Type10
6054bb82c4e37914bcf872dd,82,0.8254041852680184,Type10
6054bb99c4e37914bcf872de,35,0.562341325190349,Type9
6054bba4c4e37914bcf872df,33,0.5623413251903491,Type8
6054bbb1c4e37914bcf872e3,30,0.3831186849557287,Type8
6054bbccc4e37914bcf872e8,35,0.5623413251903491,Type9
6054bbd8c4e37914bcf872eb,65,0.8254041852680184,Type9
6054bbeec4e37914bcf872ee,58,0.6812920690579612,Type9
6054bbffc4e37914bcf872ef,80,0.8254041852680185,Type10
6054bc15c4e37914bcf872f0,31,0.46415888336127786,Type10
6054bd59c4e37914bcf8732c,80,0.6812920690579614,Type8
6054bd5ec4e37914bcf8732d,50,0.464158883361278,Type8
6054bd6ac4e37914bcf8732e,48,0.5623413251903491,Type8
6054bd70c4e37914bcf8732f,40,0.3831186849557288,Type10
6054bd74c4e37914bcf87330,43,0.46415888336127786,Type9
6054bd7dc4e37914bcf87331,50,0.6812920690579612,Type9
6054bd80c4e37914bcf87332,40,0.5623413251903491,Type10
6054bd86c4e37914bcf87333,38,0.46415888336127786,Type10
6054bd89c4e37914bcf87334,50,0.6812920690579612,Type10
6054bd8ec4e37914bcf87335,60,0.8254041852680183,Type10
6054bd9ac4e37914bcf87336,34,0.38311868495572876,Type9
6054bda0c4e37914bcf87337,30,0.3162277660168379,Type9
6054bda4c4e37914bcf87338,70,0.8254041852680184,Type10
6054bda8c4e37914bcf87339,20,0.21544346900318834,Type8
6054bdaec4e37914bcf8733a,50,0.6812920690579612,Type10
6054bdb3c4e37914bcf8733b,30,0.316227766016838,Type8
6054bdb6c4e37914bcf8733c,90,0.8254041852680185,Type8
6054bdb9c4e37914bcf8733d,60,0.8254041852680184,Type8
6054bdc3c4e37914bcf8733e,60,0.6812920690579612,Type10
6054bdc7c4e37914bcf8733f,80,0.8254041852680183,Type8
6054bdcbc4e37914bcf87340,50,0.6812920690579612,Type8
6054bdd0c4e37914bcf87341,55,0.5623413251903492,Type9
6054bdd5c4e37914bcf87342,20,0.26101572156825364,Type8
6054bddac4e37914bcf87343,50,0.5623413251903492,Type8
6054bde0c4e37914bcf87344,60,0.6812920690579614,Type10
6054bdeec4e37914bcf87345,25,0.38311868495572876,Type8
6054bdf5c4e37914bcf87346,40,0.5623413251903491,Type8
6054bdfac4e37914bcf87347,36,0.46415888336127786,Type9
6054bdfec4e37914bcf87348,30,0.5623413251903491,Type9
6054be02c4e37914bcf87349,55,0.5623413251903491,Type9
6054be05c4e37914bcf8734a,80,0.8254041852680184,Type9
6054be09c4e37914bcf8734b,35,0.46415888336127786,Type9
6054be0ec4e37914bcf8734c,55,0.5623413251903492,Type10
6054be12c4e37914bcf8734d,20,0.3831186849557287,Type9
6054be16c4e37914bcf8734e,30,0.3831186849557288,Type8
6054be1cc4e37914bcf8734f,49,0.5623413251903491,Type9
6054be20c4e37914bcf87350,20,0.21544346900318834,Type10
6054be2bc4e37914bcf87351,60,0.6812920690579612,Type9
6054be2fc4e37914bcf87352,85,0.8254041852680184,Type10
6054be33c4e37914bcf87353,30,0.38311868495572876,Type10
6054be39c4e37914bcf87354,27,0.21544346900318834,Type9
6054be3ec4e37914bcf87355,89,0.8254041852680184,Type8
6054be42c4e37914bcf87356,60,0.6812920690579612,Type10
6054be4dc4e37914bcf87357,67,0.6812920690579612,Type10
6054be51c4e37914bcf87358,20,0.2154434690031884,Type10
6054be55c4e37914bcf87359,30,0.46415888336127786,Type9
6054be58c4e37914bcf8735a,20,0.46415888336127786,Type9
6054be5ec4e37914bcf8735b,35,0.6812920690579612,Type10
6054be64c4e37914bcf8735c,20,0.21544346900318834,Type10
6054be68c4e37914bcf8735d,20,0.26101572156825364,Type8
6054be6cc4e37914bcf8735e,20,0.38311868495572876,Type9
6054be70c4e37914bcf8735f,80,0.8254041852680184,Type9
6054be74c4e37914bcf87360,60,0.6812920690579612,Type8
6054be77c4e37914bcf87361,20,0.17782794100389226,Type8
6054be7bc4e37914bcf87362,35,0.38311868495572876,Type8
6054be7ec4e37914bcf87364,80,0.8254041852680183,Type9
6054be83c4e37914bcf87366,30,0.38311868495572876,Type10
6054be88c4e37914bcf87367,30,0.38311868495572876,Type9
6054be8bc4e37914bcf87368,30,0.46415888336127786,Type8
6054be8fc4e37914bcf87369,55,0.5623413251903491,Type10
6054beb8c4e37914bcf8736a,80,0.5623413251903492,Type9
6054bec0c4e37914bcf8736b,25,0.2610157215682537,Type10